,age,C_G,C_WBC,C_RBC,C_P,C_N,GCS,tem,B_G,B_CRP,B_WBC,B_N,B_Lym,B_PCT,B_AC,B_RBC,ratio_C_G_B_G,diff_C_N_B_N,corrected_WBC,ratio_WBC_RBC_diff,sex,tube,site,other_inf,transparency
age,0.0063697863,0.035274755,0.04562506,0.09018396,0.012183256,0.028962057,0.023016071,0.09582053,0.020362996,0.07088924,0.040160567,0.06555219,0.037864253,0.016617134,0.031922635,0.02270018,0.06710413,0.067023404,0.031007867,0.026427478,0.05200914,0.0410138,0.0,0.060670316,0.011239194
C_G,0.025495358,0.031331725,0.04185482,0.0281682,0.06489371,0.04258021,0.047681186,0.027023831,0.024740398,0.04037808,0.07856846,0.045902524,0.040587053,0.06986452,0.01423521,0.09922229,0.0046863374,0.019122215,0.03889426,0.043043204,0.09013464,0.018770415,0.008262272,0.03466855,0.01989051
C_WBC,0.14923239,0.015742252,0.009251825,0.03889354,0.03546022,0.026394572,0.055475887,0.050740846,0.023137756,0.020331906,0.10004184,0.048819486,0.068797745,0.005879349,0.0376644,0.0062547075,0.03016447,0.02984141,0.03587268,0.020990338,0.08130588,0.011960162,0.032997902,0.013070261,0.051678218
C_RBC,0.026014611,0.029320858,0.05880754,0.02669738,0.11529923,0.00818944,0.004409729,0.02114893,0.040335633,0.04444099,0.072644085,0.07837317,0.019556034,0.0064890124,0.026232827,0.02118629,0.045053117,0.04095188,0.021802995,0.029033318,0.070175916,0.031639837,0.0048608435,0.15075997,0.006576395
C_P,0.05063657,0.0058518075,0.032020204,0.07089642,0.0039213886,0.0075640674,0.03629655,0.051297985,0.0154327825,0.042320386,0.01764474,0.020535745,0.021658536,0.041404467,0.03507501,0.028843576,0.032750424,0.041996405,0.05963552,0.024572426,0.0061023613,0.022609852,0.06114558,0.21857503,0.051212184
C_N,0.01571861,0.032068633,0.012493029,0.119992554,0.011285564,0.0090848645,0.011796039,0.0533266,0.008452821,0.08224608,0.04584668,0.05768001,0.033025198,0.033723623,0.004554611,0.027478274,0.09673519,0.038550723,0.055257153,0.019236099,0.075503364,0.010655121,0.040665057,0.08566369,0.01896042
GCS,0.0,0.04896579,0.05186072,0.01120619,0.04269403,0.070346385,0.059704192,0.050660774,0.01970711,0.08014606,0.016818708,0.044789515,0.0040323157,0.013963589,0.036295444,0.030580416,0.02822604,0.051359557,0.0651682,0.044885464,0.008849321,0.056802727,0.029876787,0.100531735,0.03252892
tem,0.086266845,0.043344237,0.012409753,0.10540691,0.045055017,0.013121508,0.023586635,0.036540918,0.06899047,0.0020075492,0.025646474,0.017694429,0.073387116,0.03980085,0.045768898,0.02306318,0.027701236,0.009911122,0.046230294,0.04236866,0.042330295,0.04663505,0.03466907,0.022967886,0.06509563
B_G,0.025141299,0.042212468,0.0,0.012261627,0.04447742,0.078721814,0.07400265,0.030460203,0.018484851,0.057393834,0.03644732,0.08223745,0.017278416,0.04589579,0.040698223,0.0,0.026511695,0.047413696,0.017709062,0.031702507,0.05841495,0.059390657,0.009091815,0.033878177,0.110174075
B_CRP,0.017414603,0.014527783,0.011723235,0.043584418,0.015398278,0.029426187,0.028812671,0.055923384,0.019202542,0.080425665,0.040258497,0.043878637,0.045818534,0.067057855,0.019405609,0.029373989,0.08006114,0.05076739,0.111891285,0.020244004,0.09670006,0.017744258,0.014186104,0.02679513,0.01937877
B_WBC,0.02148982,0.0643894,0.019745197,0.15348995,0.017205857,0.020945305,0.017580481,0.07361423,0.037466586,0.049509086,0.054023836,0.09134516,0.023563199,0.03549008,0.04540573,0.0,0.040891245,0.04345665,0.027449835,0.033471573,0.04918114,0.03931047,0.016360579,0.004891511,0.019723078
B_N,0.015888184,0.059098214,0.062202096,0.0575033,0.0108450875,0.008997269,0.005537458,0.023813065,0.027537685,0.027988292,0.08944759,0.08072666,0.024669161,0.044646494,0.0,0.07422338,0.048662484,0.04538225,0.035808112,0.025770895,0.021052519,0.024663955,0.006507133,0.15876459,0.020264087
B_Lym,0.010813093,0.025162566,0.019421294,0.25842962,0.03398769,0.023174837,0.033060748,0.12506369,0.03922788,0.018990612,0.0066630216,0.0307593,0.015653145,0.024188291,0.036276806,0.0,0.010334555,0.007978159,0.03660919,0.03769687,0.042356078,0.037989654,0.017002838,0.014487707,0.094672374
B_PCT,0.009172292,0.057902608,0.008080447,0.056682266,0.04649219,0.029837303,0.04425439,0.028249089,0.028966062,0.016071312,0.047760114,0.039700437,0.030153483,0.040750362,0.054661807,0.013584149,0.03260791,0.066863626,0.026134128,0.031030914,0.04259418,0.0884106,0.029861659,0.075104505,0.055074148
B_AC,0.024456747,0.056408156,0.120143175,0.026615277,0.06937933,0.012059007,0.015306094,0.025538534,0.030519124,0.028780919,0.08438844,0.003996071,0.050768584,0.021703884,0.016320715,0.039171636,0.0473224,0.018931977,0.028790476,0.069901556,0.086698055,0.037528448,0.018967135,0.029102027,0.03720226
B_RBC,0.021555753,0.03711456,0.10461726,0.16576795,0.025251716,0.0062600654,0.007284995,0.02042221,0.031723686,0.050561152,0.025928818,0.019873284,0.027954187,0.010965448,0.02413645,0.033266515,0.031643495,0.046583656,0.044994112,0.031461507,0.08583008,0.06498942,0.057587404,0.008331068,0.015895193
ratio_C_G_B_G,0.02726674,0.029814325,0.050848357,0.14130598,0.016819216,0.0047559836,0.026907653,0.052529123,0.024709951,0.017400408,0.059600525,0.14175591,0.019019015,0.05336959,0.026973266,0.012835774,0.049335204,0.031343035,0.03911467,0.008770831,0.063232884,0.02664726,0.007687398,0.042723402,0.025233515
diff_C_N_B_N,0.010500893,0.06964394,0.035249393,0.09818377,0.011632511,0.016554974,0.028484447,0.023464797,0.045703433,0.10663168,0.06591582,0.039575517,0.007934114,0.053184114,0.005136356,0.035081152,0.07492138,0.05727762,0.055496007,0.024318952,0.086475514,0.0146364,0.018668741,0.006972296,0.00835618
corrected_WBC,0.0071203485,0.062209155,0.010932563,0.16564067,0.015314495,0.048791565,0.034564972,0.021389674,0.054493174,0.0703888,0.05221882,0.035172436,0.02107482,0.06862509,0.01905761,0.026656058,0.024390854,0.07962963,0.018610213,0.01772134,0.07517509,0.010847084,0.013007932,0.030351704,0.016615922
ratio_WBC_RBC_diff,0.04803562,0.011615184,0.011321588,0.09510015,0.093351685,0.032171838,0.050038666,0.05970763,0.063199386,0.019152459,0.03409247,0.057945877,0.03892111,0.031231217,0.043191433,0.031175148,0.027743658,0.010822371,0.04129455,0.028204013,0.040136285,0.005545754,0.05113855,0.025324546,0.04953879
sex,0.038029592,0.06670393,0.037555315,0.13896376,0.05519522,0.023979284,0.019418227,0.023492428,0.06835148,0.022407368,0.032996077,0.050996523,0.028357584,0.02581742,0.03687065,0.007552821,0.059720993,0.062677935,0.023877775,0.037700318,0.040313415,0.026181366,0.0,0.02685945,0.045981046
tube,0.009484901,0.07332134,0.12267949,0.023338452,0.03672795,0.067774706,0.02733181,0.010768303,0.024898749,0.017621342,0.013297063,0.0,0.011318021,0.06366327,0.016786,0.06887248,0.009948276,0.020945374,0.012043446,0.11004269,0.018190514,0.055346675,0.07877666,0.03465039,0.0721721
site,0.05532257,0.015943171,0.031986363,0.029239012,0.08173443,0.03231362,0.06837439,0.062088273,0.0074176737,0.041414104,0.03253452,0.020262217,0.06332986,0.031442955,0.036199316,0.054862473,0.027023219,0.0,0.04067325,0.037823725,0.03979428,0.09593074,0.034182478,0.024678525,0.03542881
other_inf,0.0456526,0.052481428,0.044624038,0.042446926,0.023421124,0.04654985,0.049665242,0.04443396,0.018223971,0.06685628,0.050652653,0.031911824,0.06203205,0.038419515,0.025808295,0.07109432,0.082869686,0.018255971,0.07097188,0.0,0.04834088,0.0,0.052449167,0.009433434,0.0034049007
transparency,0.025389554,0.020311804,0.049179263,0.03896176,0.019924112,0.06547353,0.06729402,0.04981593,0.025012936,0.06919503,0.028938312,0.036000986,0.044510014,0.039153952,0.03530752,0.018392123,0.021052293,0.025550663,0.066764064,0.022050714,0.045930974,0.034127086,0.032992277,0.037413318,0.08125779
